{"acc": 0.7348535612274112, "loss": 0.22928887947995638, "_timestamp": 1710488608.6743581, "_runtime": 8.800343036651611, "_step": 7}